Position,Company,Reward,Link

Experienced Data Scientist Credit
,
Plaid ,ğŸ‡ºğŸ‡¸ United States,https://remoteok.com/remote-jobs/remote-experienced-data-scientist-credit-plaid-703460

Senior Fullstack Software Engineer
,
Wagmo ,ğŸ‡ºğŸ‡¸ United States,https://remoteok.com/remote-jobs/remote-senior-fullstack-software-engineer-wagmo-703143

Billing Software Engineer SÃªnior Typescript e NodeJs
,
Stone - Vagas para atraÃ§Ã£o ,ğŸ‡§ğŸ‡· Brazil,https://remoteok.com/remote-jobs/remote-billing-software-engineer-senior-typescript-e-nodejs-stone-vagas-para-atracao-702994

DevOps Engineer
,
ThorTech Solutions ,South America,https://remoteok.com/remote-jobs/remote-devops-engineer-thortech-solutions-702739

Software Engineer Infrastructure
,
Chainstack ,Worldwide,https://remoteok.com/remote-jobs/remote-software-engineer-infrastructure-chainstack-699540

DevOps Engineer
,
LeafLink ,ğŸ‡ºğŸ‡¸ United States,https://remoteok.com/remote-jobs/remote-devops-engineer-leaflink-696889

Senior Software Engineer Identity & Access Management
,
Nuna ,ğŸŒ Probably worldwide,https://remoteok.com/remote-jobs/remote-senior-software-engineer-identity-access-management-nuna-696389

Senior Facial Character TD
,
PlayStation Global ,ğŸ‡ºğŸ‡¸ United States,https://remoteok.com/remote-jobs/remote-senior-facial-character-td-playstation-global-696087

Enterprise Solutions Consultant
,
Addepar ,ğŸŒ Probably worldwide,https://remoteok.com/remote-jobs/remote-enterprise-solutions-consultant-addepar-695717

Developer Market Data
,
Auros ,ğŸŒ Probably worldwide,https://remoteok.com/remote-jobs/remote-developer-market-data-auros-695226

Supply Chain Analyst
,
SupplyHouse.com ,ğŸ‡ºğŸ‡¸ United States,https://remoteok.com/remote-jobs/remote-supply-chain-analyst-supplyhouse-com-693861

Software Engineer App Stores Backend
,
Canonical - Jobs ,ğŸ‡ªğŸ‡¸ Spain,https://remoteok.com/remote-jobs/remote-software-engineer-app-stores-backend-canonical-jobs-693118

Backend Software Engineer Twinstake
,
Nethermind ,Remote (U.K, Europe),https://remoteok.com/remote-jobs/remote-backend-software-engineer-twinstake-nethermind-693624

Senior Data Analyst
,
Match Group ,ğŸŒ Probably worldwide,https://remoteok.com/remote-jobs/remote-senior-data-analyst-match-group-691470

Data Analyst
,
People Data Labs ,ğŸ‡ºğŸ‡¸ United States,https://remoteok.com/remote-jobs/remote-data-analyst-people-data-labs-688209

Senior Software Developer Test
,
Plotly ,ğŸŒ Probably worldwide,https://remoteok.com/remote-jobs/remote-senior-software-developer-test-plotly-688021

Professional Services Consultant
,
Magnet Forensics ,ğŸŒ Probably worldwide,https://remoteok.com/remote-jobs/remote-professional-services-consultant-magnet-forensics-687347

Senior Data Analyst In Ride Experience
,
HopSkipDrive ,ğŸ‡ºğŸ‡¸ United States,https://remoteok.com/remote-jobs/remote-senior-data-analyst-in-ride-experience-hopskipdrive-687097

Senior Data Analyst
,
Xapo Bank ,ğŸ‡¬ğŸ‡® Gibraltar,https://remoteok.com/remote-jobs/remote-senior-data-analyst-xapo-bank-686291

Data Scientist
,
Whatnot ,ğŸ‡ºğŸ‡¸ United States,https://remoteok.com/remote-jobs/remote-data-scientist-whatnot-685589
